{
    "n_environments": 700,
    "n_evaluations": 1400,
    "n_policies": 5,
    "n_redraws": 100,
    "n_bootstrap": 5000,
    "outcome_variance": 1.0,
    "n_hypotheses": 10,
    "alpha": 0.05,
    "policy_0_mean": 0.1,
    "policy_0std": 0.30000000000000004,
    "policy_1_mean": 0.3,
    "policy_1std": 0.458257569495584,
    "policy_2_mean": 0.5,
    "policy_2std": 0.5,
    "policy_3_mean": 0.7,
    "policy_3std": 0.45825756949558405,
    "policy_4_mean": 0.9,
    "policy_4std": 0.3,
    "BT_tol": 1e-05,
    "fraction_consistent": 1.0,
    "fraction_fully_correct": 0.03,
    "mean_fraction_correct_decisions": 0.8390000000000001,
    "false_positive_rate": 0.0,
    "hyp_0": [
        0.1,
        0.3
    ],
    "hyp_1": [
        0.1,
        0.5
    ],
    "hyp_2": [
        0.1,
        0.7
    ],
    "hyp_3": [
        0.1,
        0.9
    ],
    "hyp_4": [
        0.3,
        0.5
    ],
    "hyp_5": [
        0.3,
        0.7
    ],
    "hyp_6": [
        0.3,
        0.9
    ],
    "hyp_7": [
        0.5,
        0.7
    ],
    "hyp_8": [
        0.5,
        0.9
    ],
    "hyp_9": [
        0.7,
        0.9
    ],
    "power_by_hypothesis": [
        0.75,
        1.0,
        1.0,
        1.0,
        0.49,
        0.99,
        1.0,
        0.33,
        1.0,
        0.83
    ]
}